{"properties": [
  {
    "name": "bluefood.files.logotipo",
    "type": "java.lang.String",
    "description": "A description for 'bluefood.files.logotipo'"
  },
  {
    "name": "bluefood.files.comida",
    "type": "java.lang.String",
    "description": "A description for 'bluefood.files.comida'"
  },
  {
    "name": "bluefood.files.categoria",
    "type": "java.lang.String",
    "description": "A description for 'bluefood.files.categoria'"
  },
  {
    "name": "bluefood.sbpay.token",
    "type": "java.lang.String",
    "description": "A description for 'bluefood.sbpay.token'"
  },
  {
    "name": "bluefood.sbpay.url",
    "type": "java.lang.String",
    "description": "A description for 'bluefood.sbpay.url'"
  }
]}